公司代號,公司名稱,當月營收,上月營收,去年當月營收,上月比較增減(%),去年同月增減(%),當月累計營收,去年累計營收,前期比較增減(%),備註
1101,台泥,7523593,3632053,7695107,107.14,-2.22,17731236,21440143,-17.29,-
1102,亞泥,5338549,2595177,5274419,105.71,1.21,12999788,15405590,-15.61,-
1103,嘉泥,200449,143549,200719,39.63,-0.13,541326,671323,-19.36,-
1104,環泥,434381,298112,471332,45.71,-7.83,1105804,1327398,-16.69,-
1108,幸福,392746,249352,431529,57.5,-8.98,990364,1291888,-23.33,-
1109,信大,400065,137176,305303,191.64,31.03,875999,951789,-7.96,-
1110,東泥,143256,99952,164664,43.32,-13.0,383670,475433,-19.3,-
1201,味全,1241896,1063098,1633813,16.81,-23.98,3518095,4701654,-25.17,-
1203,味王,511693,481019,559125,6.37,-8.48,1545484,1660094,-6.9,-
1210,大成,6301420,5436415,6701988,15.91,-5.97,18034309,20210812,-10.76,-
1213,大飲,35874,40460,40172,-11.33,-10.69,152458,182726,-16.56,-
1215,卜蜂,1560252,1272939,1247542,22.57,25.06,4255524,4008464,6.16,-
1216,統一,35787584,30528301,35048885,17.22,2.1,106712758,104938373,1.69,-
1217,愛之味,265688,277750,328706,-4.34,-19.17,906815,1012246,-10.41,愛之味104年9月17日喪失對第一生技(股)公司控制權，104年9月17日起該公司營收不納入愛之味合併營收。
1218,泰山,595418,505213,640163,17.85,-6.98,1825819,1988099,-8.16,-
1219,福壽,864594,856686,780920,0.92,10.71,2620641,2314752,13.21,-
1220,台榮,242175,160753,230455,50.65,5.08,646352,826861,-21.83,-
1225,福懋油,882670,734483,893328,20.17,-1.19,2554434,2718613,-6.03,-
1227,佳格,1460198,1656304,1478453,-11.83,-1.23,7422008,7183052,3.32,-
1229,聯華,467929,351095,425004,33.27,10.09,1310533,1254039,4.5,-
1231,聯華食,515146,445400,493056,15.65,4.48,1691729,1677670,0.83,-
1232,大統益,1402464,1132783,1546303,23.8,-9.3,3927503,4750989,-17.33,-
1233,天仁,165239,178691,152671,-7.52,8.23,562963,567624,-0.82,-
1234,黑松,501361,560719,463697,-10.58,8.12,1755623,1331189,31.88,-
1235,興泰,6523,8100,7648,-19.46,-14.7,19185,22330,-14.08,-
1236,宏亞,141682,132389,150322,7.01,-5.74,604459,705960,-14.37,-
1702,南僑,1282002,995051,1198398,28.83,6.97,3714896,3574556,3.92,-
1737,臺鹽,204287,182609,236281,11.87,-13.54,629092,639349,-1.6,-
1301,台塑,17461233,11162684,18158909,56.42,-3.84,42782369,47697112,-10.3,-
1303,南亞,25729722,18590104,28871504,38.4,-10.88,65469083,79525772,-17.67,-
1304,台聚,4954019,3514039,4883794,40.97,1.43,12700065,13075758,-2.87,-
1305,華夏,1402179,1165411,1355334,20.31,3.45,3765741,3661057,2.85,-
1307,三芳,1298325,801458,1217586,61.99,6.63,3071064,2971584,3.34,-
1308,亞聚,513785,388190,468097,32.35,9.76,1333908,1230665,8.38,-
1309,台達化,1567521,864510,1620933,81.31,-3.29,3688320,4074895,-9.48,-
1310,台苯,1325842,1075117,1199903,23.32,10.49,3509808,2268040,54.75,"本期累計營收增加為1,241,768仟元，主要係苯乙烯銷售量增加及匯率影響所致。"
1312,國喬,1796339,1360733,1925580,32.01,-6.71,4568704,5011181,-8.82,-
1313,聯成,3656880,2146450,4418262,70.36,-17.23,9024345,10937142,-17.48,-
1314,中石化,1939183,1510970,2571022,28.34,-24.57,5310385,7398572,-28.22,-
1315,達新,268832,188592,225789,42.54,19.06,716093,639556,11.96,-
1321,大洋,430978,238590,489402,80.63,-11.93,1001202,1278480,-21.68,-
1323,永裕,266330,203247,265988,31.03,0.12,732786,748194,-2.05,-
1324,地球,113538,72525,120206,56.55,-5.54,284076,315831,-10.05,-
1325,恆大,102211,70333,103371,45.32,-1.12,259931,279979,-7.16,-
1326,台化,28768227,22401462,29554848,28.42,-2.66,75799504,80909048,-6.31,-
4306,炎洲,1515835,1002495,1440642,51.2,5.21,3959790,4059093,-2.44,-
1402,遠東新,18647674,15158546,18546090,23.01,0.54,51647650,53572584,-3.59,-
1409,新纖,2920498,2391132,3405447,22.13,-14.24,8344992,9002627,-7.3,-
1410,南染,64230,38724,58635,65.86,9.54,149844,142816,4.92,-
1413,宏洲,201659,119043,235413,69.4,-14.33,475301,579570,-17.99,-
1414,東和,75626,66765,111434,13.27,-32.13,197067,296976,-33.64,-
1417,嘉裕,238446,330009,296597,-27.74,-19.6,893036,938476,-4.84,-
1418,東華,201884,147281,149302,37.07,35.21,499280,321944,55.08,因去年同期生產線歲修
1419,新紡,111404,104101,95582,7.01,16.55,312190,265830,17.43,-
1423,利華,71004,36699,51418,93.47,38.09,162036,156067,3.82,-
1434,福懋,3888208,3058649,4197184,27.12,-7.36,10428555,11026001,-5.41,-
1439,中和,21639,36354,36120,-40.47,-40.09,105613,95543,10.53,-
1440,南紡,1750254,1239596,2040026,41.19,-14.2,4201309,5279256,-20.41,-
1441,大東,181394,106822,203435,69.8,-10.83,424522,488453,-13.08,-
1443,立益,106958,64332,113664,66.25,-5.89,266825,272739,-2.16,-
1444,力麗,940354,722265,971263,30.19,-3.18,2407514,2759961,-12.76,-
1445,大宇,142402,110602,163196,28.75,-12.74,394594,472497,-16.48,-
1446,宏和,67730,86459,91102,-21.66,-25.65,227862,200084,13.88,-
1447,力鵬,1359182,873174,1909876,55.65,-28.83,3195254,4613003,-30.73,-
1449,佳和,254922,190487,236820,33.82,7.64,641905,647638,-0.88,-
1451,年興,1086656,847948,1023139,28.15,6.2,3071091,2742195,11.99,-
1452,宏益,185275,152008,206973,21.88,-10.48,499511,576453,-13.34,-
1453,大將,5741,3361,8518,70.81,-32.6,10635,30906,-65.58,本月營收減少，係因紡織業景氣低迷，出貨量減少所致。
1454,台富,177878,108452,206194,64.01,-13.73,416455,529892,-21.4,-
1455,集盛,1213972,808503,1515130,50.15,-19.87,2991825,4025006,-25.66,-
1456,怡華,40591,32620,48573,24.43,-16.43,109237,137991,-20.83,-
1457,宜進,474615,286213,308204,65.82,53.99,1192399,794140,50.14,104年3月份合併營收未包含宏洲
1459,聯發,305079,198762,383302,53.48,-20.4,769048,1003256,-23.34,-
1460,宏遠,779623,635145,777376,22.74,0.28,2137860,2093769,2.1,-
1463,強盛,55631,36182,57887,53.75,-3.89,129080,134187,-3.8,-
1464,得力,683387,496957,581487,37.51,17.52,1836381,1548873,18.56,-
1465,偉全,218088,46903,198918,364.97,9.63,447518,522926,-14.42,-
1466,聚隆,358106,260272,374619,37.58,-4.4,867760,1048673,-17.25,-
1467,南緯,507995,583267,599972,-12.9,-15.33,1701734,1685154,0.98,-
1468,昶和,70029,23810,60293,194.11,16.14,151961,172572,-11.94,-
1470,大統新創,72318,50908,69301,42.05,4.35,182299,199659,-8.69,-
1472,三洋紡,63170,36783,68950,71.73,-8.38,137863,186329,-26.01,-
1473,台南,1038168,801150,846433,29.58,22.65,2846844,2503195,13.72,-
1474,弘裕,331942,222918,308359,48.9,7.64,848203,843838,0.51,-
1475,業旺,19416,15818,18531,22.74,4.77,46602,48409,-3.73,-
1476,儒鴻,1808685,1814649,1589104,-0.32,13.81,5590438,4928213,13.43,-
1477,聚陽,2196574,1770940,2216508,24.03,-0.89,6309426,5782028,9.12,-
4414,如興,188584,271082,189489,-30.43,-0.47,784502,579184,35.44,-
4426,利勤,285330,199253,222553,43.19,28.2,717605,493817,45.31,-
4438,廣越,176472,158371,138030,11.42,27.85,681698,561715,21.36,-
1503,士電,1784182,1317803,1653886,35.39,7.87,4926309,4759964,3.49,-
1504,東元,4408656,3539829,4358096,24.54,1.16,11657287,11753744,-0.82,-
1506,正道,132399,132220,126149,0.13,4.95,409268,373410,9.6,-
1507,永大,1790701,1442847,1830200,24.1,-2.15,5077308,5841620,-13.08,此為本公司自結數
1513,中興電,1477839,478828,713859,208.63,107.02,3419628,2081376,64.29,本月及累計營收較去年同期增加，主要係設備銷售依合約於3月完成驗交貨認列收入，以及設備投入工程案 依工進認列收入所致。
1514,亞力,416221,374713,299290,11.07,39.06,1117833,786548,42.11,-
1515,力山,251669,201910,258987,24.64,-2.82,761602,765510,-0.51,-
1517,利奇,272495,162069,328763,68.13,-17.11,709724,891515,-20.39,-
1519,華城,429038,267458,374380,60.41,14.59,1035936,1026516,0.91,-
1526,日馳,81985,45537,81864,80.04,0.14,194784,199321,-2.27,-
1527,鑽全,359999,245333,353593,46.73,1.81,970113,841759,15.24,-
1528,恩德,369589,175161,352463,110.99,4.85,796007,783734,1.56,-
1529,樂士,82081,4265,14654,1824.52,460.12,94954,27015,251.48,"因104年第4季,原依完工驗收認列收入之太陽能電廠承包案,改以完工且收到驗收款始予認列(3月已收款),致營收增加"
1530,亞崴,278626,214649,430390,29.8,-35.26,744117,911947,-18.4,-
1531,高林股,276819,89606,250224,208.92,10.62,657959,647231,1.65,-
1532,勤美,1271149,981582,1983517,29.5,-35.91,3503573,4619235,-24.15,-
1535,中宇,645773,705462,774290,-8.46,-16.59,2409630,2562804,-5.97,-
1537,廣隆,584951,440899,582541,32.67,0.41,1601279,1716957,-6.73,-
1538,正峰,53635,41115,75394,30.45,-28.86,162502,186007,-12.63,-
1539,巨庭,225848,188167,200435,20.02,12.67,728546,682975,6.67,-
1540,喬福,59134,19486,82536,203.46,-28.35,143006,277192,-48.4,歐洲及大陸市場衰退
1541,錩泰,354097,198369,261983,78.5,35.16,862881,667544,29.26,-
1558,伸興,400764,436402,386138,-8.16,3.78,1225525,1283866,-4.54,-
1560,中砂,314515,283255,337559,11.03,-6.82,934505,1017143,-8.12,-
1583,程泰,503062,356214,801852,41.22,-37.26,1353176,1808124,-25.16,-
1597,直得,102230,52406,88622,95.07,15.35,217407,241857,-10.1,-
2049,上銀,1160023,844975,1322703,37.28,-12.29,3008325,3637671,-17.3,-
2241,艾姆勒,39904,27406,20342,45.6,96.16,91242,41099,122.0,主要係客戶訂單成長
2371,大同,6713554,6104679,8544543,9.97,-21.42,19644498,25056066,-21.59,-
3167,大量,135720,136546,173953,-0.6,-21.97,442376,484371,-8.67,-
4526,東台,691664,395708,624885,74.79,10.68,1671103,1783213,-6.28,-
4532,瑞智,1642828,1275189,1643400,28.83,-0.03,4391966,4238441,3.62,-
4540,全球傳動,165684,130714,177722,26.75,-6.77,371891,447174,-16.83,-
4555,氣立,94631,74238,97242,27.46,-2.68,268162,271000,-1.04,-
4562,穎漢,80525,86196,72073,-6.57,11.72,247671,235957,4.96,-
8222,寶一,102624,80339,64582,27.73,58.9,290797,206461,40.84,客戶需求增加
8374,羅昇,380441,202699,437769,87.68,-13.09,838044,951279,-11.9,-
8996,高力,252960,130291,191169,94.15,32.32,624552,551157,13.31,-
1603,華電,231673,145800,276418,58.89,-16.18,571011,624407,-8.55,-
1604,聲寶,840140,823011,890513,2.08,-5.65,2647113,2388160,10.84,-
1605,華新,11846650,8818875,12985900,34.33,-8.77,31394438,35808909,-12.32,-
1608,華榮,648634,418188,837721,55.1,-22.57,1709388,2206348,-22.52,營收減少主係因國際銅價較去年同期下跌。
1609,大亞,1287372,802280,1490315,60.46,-13.61,3185919,3712011,-14.17,-
1611,中電,252457,185531,255899,36.07,-1.34,695706,712261,-2.32,-
1612,宏泰,282299,219079,318029,28.85,-11.23,730071,811624,-10.04,-
1614,三洋電,407626,572941,401781,-28.85,1.45,1484712,1080918,37.35,-
1615,大山,241376,138867,243465,73.81,-0.85,518389,614191,-15.59,-
1616,億泰,234686,179598,339116,30.67,-30.79,675860,927051,-27.09,-
1617,榮星,252483,135800,276304,85.92,-8.62,599907,749839,-19.99,-
1618,合機,141206,141179,223385,0.01,-36.78,408857,419506,-2.53,-
4930,燦星網,842159,855655,1150185,-1.57,-26.78,2936734,3294820,-10.86,-
5283,禾聯碩,423890,514794,349716,-17.65,21.2,1542404,948375,62.63,"政府實施節能補助,故營收大幅成長"
1708,東鹼,367643,309633,430850,18.73,-14.67,1010202,1158991,-12.83,-
1709,和益,780469,755036,1017743,3.36,-23.31,2419897,2713260,-10.81,-
1710,東聯,1469682,916007,1361897,60.44,7.91,3435600,2839952,20.97,無
1711,永光,941263,593365,962743,58.63,-2.23,2294258,2433104,-5.7,-
1712,興農,1681254,1244129,1918130,35.13,-12.34,4200829,4711097,-10.83,-
1713,國化,56177,39963,76716,40.57,-26.77,135849,189991,-28.49,-
1714,和桐,2218220,1736572,3975489,27.73,-44.2,6966842,11438512,-39.09,-
1717,長興,3465535,1900467,3447717,82.35,0.51,8564463,9119151,-6.08,-
1718,中纖,2914858,2339309,2981120,24.6,-2.22,7630303,8403287,-9.19,"本月份自結異業別合併營收資訊,未經會計師簽證或核閱"
1721,三晃,846104,57143,150673,1380.67,461.54,1046008,339500,208.1,105年03月因與國慶化學(股)公司合併，故本月營業收入淨額及本年度累計營業收入淨額較去年同期增加。
1722,台肥,1007255,873353,1651154,15.33,-38.99,3187629,3836058,-16.9,-
1723,中碳,419290,394262,580212,6.34,-27.73,1225971,1586707,-22.73,-
1724,台硝,174822,130337,148913,34.13,17.39,474156,401327,18.14,-
1725,元禎,829266,511458,846905,62.13,-2.08,2045882,2300095,-11.05,-
1726,永記,635198,453189,738051,40.16,-13.93,1788448,2088232,-14.35,-
1727,中華化,196018,135927,197774,44.2,-0.88,500865,534994,-6.37,-
1730,花仙子,169693,130216,148677,30.31,14.13,533082,465623,14.48,-
1732,毛寶,35745,32447,38456,10.16,-7.04,130556,155220,-15.88,-
1735,日勝化,286731,119878,368149,139.18,-22.11,637214,881311,-27.69,-
1773,勝一,556516,410029,623115,35.72,-10.68,1471509,1625922,-9.49,-
1776,展宇,192189,89427,224872,114.91,-14.53,444967,511907,-13.07,-
4720,德淵,237784,104892,226275,126.69,5.08,581186,561482,3.5,-
4722,國精化,450281,285792,427172,57.55,5.4,1071804,1098001,-2.38,-
4725,信昌化,849406,609759,1503730,39.3,-43.51,1954010,3169913,-38.35,-
4739,康普,360403,253590,355000,42.12,1.52,978494,948701,3.14,-
4755,三福化,365070,229216,274776,59.26,32.86,901238,880138,2.39,本月係因包含一次性工程收入約為NT55MM元
1598,岱宇,379141,343265,409246,10.45,-7.35,1146422,1162815,-1.4,-
1701,中化,530148,386754,438161,37.07,20.99,1491765,1379569,8.13,-
1707,葡萄王,851163,523469,649235,62.6,31.1,2008732,1652328,21.56,-
1720,生達,304120,232821,271746,30.62,11.91,859009,806582,6.49,-
1731,美吾華,129325,82722,115232,56.33,12.23,349349,347559,0.51,-
1733,五鼎,186842,133046,182136,40.43,2.58,482049,474282,1.63,-
1734,杏輝,203694,109648,180970,85.77,12.55,501142,479575,4.49,-
1736,喬山,1555813,1379946,1222690,12.74,27.24,4462913,3424578,30.32,-
1760,寶齡富錦,93649,75068,136558,24.75,-31.42,239680,289312,-17.15,無。
1762,中化生,109236,53791,166572,103.07,-34.42,266485,256708,3.8,-
1783,和康生,23701,20213,25538,17.25,-7.19,63442,55676,13.94,-
1786,科妍,15868,17278,25002,-8.16,-36.53,45863,60257,-23.88,-
1789,神隆,307980,381236,345203,-19.21,-10.78,1021756,979058,4.36,-
1795,美時,521347,411563,428159,26.67,21.76,1423757,1294448,9.98,-
3164,景岳,39566,39909,42289,-0.85,-6.43,129078,120910,6.75,-
3705,永信,455265,400223,494319,13.75,-7.9,1441975,1443608,-0.11,-
4104,佳醫,538963,439362,527818,22.66,2.11,1504354,1479412,1.68,-
4106,雃博,176880,134849,221065,31.16,-19.98,508539,517765,-1.78,-
4108,懷特,955,948,1647,0.73,-42.01,2813,4776,-41.1,自行研發之處方藥及保健品營收佔比提高，逐漸淡出毛利偏低之大宗藥材業務。
4119,旭富,257042,204590,106512,25.63,141.32,645479,443065,45.68,因風濕性關節炎藥物出貨量增加所致
4133,亞諾法,42374,35148,41567,20.55,1.94,117808,111236,5.9,-
4142,國光生,2832,40435,22333,-92.99,-87.31,45070,27780,62.23,月營收減少主要係因配合政府疫苗施打進度調整;累計營收增加主要係因提供國外生技服務。
4155,訊映,83652,71142,73227,17.58,14.23,238428,165329,44.21,-
4164,承業醫,144171,93992,114717,53.38,25.67,358846,304364,17.9,-
4737,華廣,137934,102850,150091,34.11,-8.09,335190,374129,-10.4,-
4746,台耀,274598,226682,253216,21.13,8.44,751824,528322,42.3,-
6491,晶碩,109157,125373,117077,-12.93,-6.76,355488,311636,14.07,-
1802,台玻,3788897,2270783,3393482,66.85,11.65,9551531,9039919,5.65,-
1806,冠軍,448739,226625,493460,98.0,-9.06,971652,1179902,-17.64,-
1809,中釉,259379,151138,238811,71.61,8.61,632561,670508,-5.65,-
1810,和成,507048,383097,573157,32.35,-11.53,1330569,1384094,-3.86,-
1817,凱撒衛,186514,94381,172825,97.61,7.92,505729,483441,4.61,-
1903,士紙,5829,4930,31371,18.23,-81.41,16616,83066,-79.99,主要銷售改以內銷為主
1904,正隆,3430947,2619416,3745976,30.98,-8.4,9526384,10732939,-11.24,-
1905,華紙,2025277,1429497,1859031,41.67,8.94,5265750,4968410,5.98,-
1906,寶隆,81074,69797,44220,16.15,83.34,205577,87271,135.56,業務積極拓展，致外銷量增加，營收較上期成長83.34%
1907,永豐餘,5555608,3907149,5451111,42.19,1.91,15013392,14962191,0.34,-
1909,榮成,2915955,1969718,2419829,48.03,20.5,7271841,6568177,10.71,-
2002,中鋼,24722332,17998083,27816757,37.36,-11.12,64958543,80803702,-19.6,-
2006,東和鋼鐵,2303865,1563416,3103485,47.36,-25.76,6030888,8406968,-28.26,-
2007,燁興,657071,507725,652472,29.41,0.7,1818722,1818319,0.02,-
2008,高興昌,87525,65737,130158,33.14,-32.75,275377,336715,-18.21,-
2009,第一銅,240485,178805,363595,34.49,-33.85,641722,949924,-32.44,營收減少主係因出貨量減少及國際銅價下跌
2010,春源,1632934,1112788,1489118,46.74,9.65,4078727,4134806,-1.35,-
2012,春雨,778244,493198,745769,57.79,4.35,1973159,2065096,-4.45,-
2013,中鋼構,1095341,1057757,1324238,3.55,-17.28,3719150,4153643,-10.46,-
2014,中鴻,2789858,2327829,2574082,19.84,8.38,7706939,7734996,-0.36,-
2015,豐興,1870913,1051729,2852761,77.88,-34.41,4533873,6942698,-34.69,-
2017,官田鋼,388325,322553,464415,20.39,-16.38,1030974,1378180,-25.19,-
2020,美亞,406735,256207,434949,58.75,-6.48,1022212,1109285,-7.84,-
2022,聚亨,721826,541820,642637,33.22,12.32,1832253,2062546,-11.16,-
2023,燁輝,4446762,3101603,5018461,43.36,-11.39,11138312,13988904,-20.37,-
2024,志聯,139481,77259,140921,80.53,-1.02,317476,356329,-10.9,-
2025,千興,337032,127315,446138,164.72,-24.45,734230,1048683,-29.98,-
2027,大成鋼,4407274,4035706,4572582,9.2,-3.61,12501136,13409698,-6.77,-
2028,威致,500699,398784,853076,25.55,-41.3,1261215,2133395,-40.88,-
2029,盛餘,1292873,838834,1435820,54.12,-9.95,2948859,3890726,-24.2,-
2030,彰源,1013883,612096,1117328,65.64,-9.25,2558070,2878685,-11.13,-
2031,新光鋼,615706,353644,657292,74.1,-6.32,1426742,1834499,-22.22,-
2032,新鋼,279324,158080,288883,76.69,-3.3,672119,736730,-8.76,-
2033,佳大,77819,48541,76569,60.31,1.63,193656,179337,7.98,-
2034,允強,1481459,945200,1848057,56.73,-19.83,3911339,4988731,-21.59,-
2038,海光,428151,255386,905718,67.64,-52.72,1086384,2334819,-53.47,銷量因景氣低迷，致需求萎縮，價格亦較去年同期下滑逾三成
2069,運錩,591995,373475,617310,58.5,-4.1,1524774,1701492,-10.38,-
3004,豐達科,164144,118255,142847,38.8,14.9,413771,355036,16.54,-
5007,三星,739472,378203,670054,95.52,10.36,1699797,1833974,-7.31,-
9958,世紀鋼,224413,150697,272212,48.91,-17.55,592899,690518,-14.13,-
2101,南港,824346,675039,1025361,22.11,-19.6,2275309,2817128,-19.23,"公告係屬自結數,與會計師所出具之財報因匯率之故將存有略微差異,屆時請以財報為準."
2102,泰豐,608854,451385,818819,34.88,-25.64,1618783,1978212,-18.16,-
2103,台橡,2270766,1740795,2356196,30.44,-3.62,6117401,6755875,-9.45,-
2104,國際中橡,1245264,1140328,1534741,9.2,-18.86,3720334,4649042,-19.97,-
2105,正新,11673492,7858762,11288243,48.54,3.41,29373619,28883718,1.69,無。
2106,建大,2777763,1953649,2897888,42.18,-4.14,7192160,7431203,-3.21,-
2107,厚生,161535,91482,244118,76.57,-33.82,362434,754065,-51.93,累計營收減少主要係因今年營建收入入帳減少所致.
2108,南帝,854589,640423,790147,33.44,8.15,2248824,2128079,5.67,-
2109,華豐,584177,424057,669089,37.75,-12.69,1568364,1754542,-10.61,-
2114,鑫永銓,130961,100978,158068,29.69,-17.14,372001,495690,-24.95,-
1319,東陽,2248448,1576356,2102411,42.63,6.94,5963328,5612549,6.24,-
1339,昭輝,245445,135712,158904,80.85,54.46,582515,377677,54.23,本公司104.4.15間接投資大陸常熟冠林致105年3月營收增加
1512,瑞利,368787,291431,356705,26.54,3.38,1050155,959882,9.4,-
1521,大億,495794,406884,571329,21.85,-13.22,1432515,1610395,-11.04,-
1522,堤維西,1513496,1195449,1399391,26.6,8.15,4062887,3730024,8.92,-
1524,耿鼎,230454,175305,222236,31.45,3.69,614641,591818,3.85,-
1525,江申,111841,65528,117476,70.67,-4.79,261807,286592,-8.64,-
1533,車王電,205584,173064,243790,18.79,-15.67,582978,574631,1.45,-
1536,和大,520620,404023,452176,28.85,15.13,1427641,1204869,18.48,-
1568,倉佑,228197,173355,210580,31.63,8.36,630327,536011,17.59,不適用
1587,吉茂,132832,95498,124789,39.09,6.44,352999,346014,2.01,-
2201,裕隆,9805359,6498279,8983393,50.89,9.14,29422738,30916845,-4.83,-
2204,中華,3707772,2495299,3352509,48.59,10.59,10838415,10881082,-0.39,-
2206,三陽工業,2718547,1798367,3156516,51.16,-13.87,7153030,8645482,-17.26,本月無此情形
2207,和泰車,13480395,9318545,15521128,44.66,-13.14,40176914,43476264,-7.58,-
2227,裕日車,3382066,1726772,2483453,95.86,36.18,9502881,9037348,5.15,-
2228,劍麟,383343,303056,301684,26.49,27.06,1100234,939031,17.16,-
2231,為升,302307,264096,236083,14.46,28.05,832338,659019,26.29,-
2233,宇隆,209292,93061,180992,124.89,15.63,498882,520386,-4.13,-
2497,怡利電,175594,212513,270740,-17.37,-35.14,641487,867101,-26.01,-
3346,麗清,204364,189813,206977,7.66,-1.26,677089,683248,-0.9,無
4551,智伸科,291416,211891,263256,37.53,10.69,844662,770738,9.59,-
6288,聯嘉,237319,202065,206984,17.44,14.65,650799,522662,24.51,-
6605,帝寶,1722310,1051840,1303154,63.74,32.16,4140869,3517356,17.72,-
2302,麗正,48536,34753,41772,39.65,16.19,128669,118569,8.51,-
2303,聯電,12919174,9478048,12710166,36.3,1.64,34404079,37649644,-8.62,-
2329,華泰,1502313,1190384,1431918,26.2,4.91,4114493,3775703,8.97,-
2330,台積電,73088805,59551321,72269001,22.73,1.13,203495361,222034144,-8.34,-
2337,旺宏,1774491,1628651,1719833,8.95,3.17,5086289,4706274,8.07,-
2338,光罩,96351,101515,143362,-5.08,-32.79,302488,429577,-29.58,-
2342,茂矽,121317,88048,134737,37.78,-9.96,331090,386339,-14.3,-
2344,華邦電,3425071,3204513,3264885,6.88,4.9,10086944,9723826,3.73,-
2351,順德,760421,563753,794743,34.88,-4.31,2048081,2218627,-7.68,-
2363,矽統,14702,11487,16733,27.98,-12.13,45643,49643,-8.05,-
2369,菱生,479984,359990,507261,33.33,-5.37,1331500,1402483,-5.06,-
2379,瑞昱,3441101,2289051,2548965,50.32,34.99,8987184,7446052,20.69,無
2388,威盛,383669,361898,439756,6.01,-12.75,1183969,1127567,5.0,-
2401,凌陽,739301,414692,717909,78.27,2.97,1802171,1863803,-3.3,-
2408,南亞科,3300432,3339604,4078715,-1.17,-19.08,10397555,12027943,-13.55,-
2434,統懋,26173,8254,17359,217.09,50.77,51158,49115,4.15,本月份營收因業務增加，去年營收衰退所致
2436,偉詮電,156066,111435,137214,40.05,13.73,442015,400016,10.49,-
2441,超豐,881792,762640,871908,15.62,1.13,2473026,2331527,6.06,-
2449,京元電子,1569471,1358694,1432370,15.51,9.57,4358356,4073532,6.99,-
2451,創見,1925043,1594880,2261899,20.7,-14.89,5648034,6131745,-7.88,-
2454,聯發科,21337356,13242410,20401294,61.12,4.58,55905486,47536221,17.6,海外子公司之營收係以當月平均匯率換算之
2458,義隆,514168,353224,555652,45.56,-7.46,1399790,1684408,-16.89,-
2481,強茂,1228755,839919,1490489,46.29,-17.56,3165789,3843248,-17.62,-
3006,晶豪科,718691,537547,754089,33.69,-4.69,2051215,2306957,-11.08,-
3014,聯陽,238644,187632,262048,27.18,-8.93,732787,792555,-7.54,-
3016,嘉晶,245573,210035,64167,16.92,282.7,671320,191448,250.65,本公司與漢磊半導體晶圓(股)公司於105年1月11日正式合併，合併之消滅公司漢磊半導體晶圓之銷售訂單注入，使得本公司營收成長。
3034,聯詠,3820834,3111217,4250746,22.8,-10.11,10970044,12697879,-13.6,-
3035,智原,596467,437828,542425,36.23,9.96,1545139,1616478,-4.41,-
3041,揚智,261464,292949,298621,-10.74,-12.44,981736,909890,7.89,-
3054,立萬利,6748,10510,82324,-35.79,-91.8,39912,352332,-88.67,"本公司產品受市場需求不振等影響,致本期營收較去年同期大幅下降。"
3094,聯傑,30539,24641,27688,23.93,10.29,80758,70473,14.59,-
3189,景碩,1947791,1546434,1993201,25.95,-2.27,5370156,5346221,0.44,-
3257,虹冠電,66865,62003,63783,7.84,4.83,210820,200062,5.37,-
3413,京鼎,602310,596760,345606,0.93,74.27,2342986,1002262,133.76,主要為自動化設備配合客戶驗收投產進度，部分於本月完成客戶裝機測試並認列收入，故營業收入與去年同月營收比較成長74.28%。
3443,創意,926130,813877,510691,13.79,81.34,2220117,1732477,28.14,本月來自ASIC集NRE之營收增加，使本月營收較去年同期增加81%。
3530,晶相光,120450,47585,30314,153.12,297.34,269678,80471,235.12,因監控系列產品營收較去年同期大幅成長所致。
3532,台勝科,781803,868205,972890,-9.95,-19.64,2535917,2912896,-12.94,-
3536,誠創,98435,51445,76071,91.34,29.39,239138,276789,-13.6,-
3545,敦泰,1010053,484950,1046751,108.27,-3.5,2308567,2429238,-4.96,-
3583,辛耘,452736,271541,312738,66.72,44.76,922301,670999,37.45,-
3588,通嘉,94381,80276,85005,17.57,11.02,272830,237034,15.1,-
3686,達能,153860,150154,139809,2.46,10.05,452192,391678,15.44,-
4919,新唐,676770,531592,584845,27.31,15.71,1852235,1632293,13.47,-
4952,凌通,302507,165539,242019,82.74,24.99,684290,562318,21.69,-
4961,天鈺,552984,340518,431240,62.39,28.23,1438919,1198779,20.03,-
4967,十銓,282081,190541,350413,48.04,-19.5,770217,1076770,-28.46,-
4968,立積,162904,158443,133711,2.81,21.83,476111,360959,31.9,-
5269,祥碩,130470,113099,122291,15.35,6.68,414919,389025,6.65,-
5285,界霖,205137,155827,213976,31.64,-4.13,542523,559259,-2.99,-
5471,松翰,255132,153324,272055,66.4,-6.22,618610,707982,-12.62,-
6202,盛群,369949,211861,334518,74.61,10.59,908086,878241,3.39,-
6239,力成,3564773,3225691,3282536,10.51,8.59,10618123,9430412,12.59,-
6243,迅杰,48934,32537,36806,50.39,32.95,117219,112664,4.04,-
6257,矽格,467397,386226,428002,21.01,9.2,1243138,1151260,7.98,-
6271,同欣電,705747,565989,654884,24.69,7.76,1916651,1800816,6.43,-
6531,愛普,253134,163194,214922,55.11,17.77,722375,715720,0.92,-
6533,晶心科,10890,9365,18550,16.28,-41.29,33589,59955,-43.97,-
6552,易華電,150908,141310,140903,6.79,7.1,446957,389243,14.82,-
8016,矽創,860069,551635,780067,55.91,10.25,2293837,2098675,9.29,-
8028,昇陽半導體,138031,131814,134530,4.71,2.6,407045,347066,17.28,-
8081,致新,300602,223253,293872,34.64,2.29,846382,889674,-4.86,-
8110,華東,612057,602641,651303,1.56,-6.02,1865063,1917062,-2.71,-
8131,福懋科,715582,718235,798899,-0.36,-10.42,2167035,2307500,-6.08,-
8150,南茂,1626006,1496798,1775254,8.63,-8.4,4724139,5218138,-9.46,-
8261,富鼎,114965,80760,146570,42.35,-21.56,335264,429445,-21.93,-
8271,宇瞻,512529,381012,765028,34.51,-33.0,1499464,2162832,-30.67,-
2301,光寶科,18386736,14085616,18186275,30.53,1.1,49811788,51544540,-3.36,-
2305,全友,63618,37587,87031,69.25,-26.9,163147,197479,-17.38,-
2324,仁寶,69583522,50979213,74956190,36.49,-7.16,176645313,198304595,-10.92,-
2331,精英,2689352,1673467,3805135,60.7,-29.32,6952146,11854528,-41.35,-
2352,佳世達,11550007,9111818,11228077,26.75,2.86,31764400,32428103,-2.04,-
2353,宏��,24264296,16174892,24744139,50.01,-1.93,56315625,68096935,-17.3,-
2356,英業達,36482851,28774620,33801821,26.78,7.93,95363591,89303407,6.78,-
2357,華碩,48570077,35393554,42126165,37.22,15.29,119253684,111889517,6.58,-
2362,藍天,1671542,1437925,1765320,16.24,-5.31,4767931,4894310,-2.58,-
2364,倫飛,96949,75067,64947,29.14,49.27,271888,168159,61.68,"本月因應ODM客戶出貨,致營收較去年同期大幅提升。"
2365,昆盈,348005,206746,495075,68.32,-29.7,882326,1531838,-42.4,-
2376,技嘉,4869681,3315959,4391310,46.85,10.89,13088573,12906752,1.4,-
2377,微星,8204571,6783125,6823814,20.95,20.23,23509302,20237551,16.16,-
2380,虹光,187553,117130,257082,60.12,-27.04,475411,614752,-22.66,-
2382,廣達,75180285,62109312,80051081,21.04,-6.08,197362795,205193392,-3.81,-
2387,精元,1243464,721894,1283387,72.25,-3.11,3263696,3675195,-11.19,-
2395,研華,4080766,2704484,3393302,50.88,20.25,10074408,8802600,14.44,-
2397,友通,383186,256084,267846,49.63,43.06,964051,703816,36.97,-
2399,映泰,312181,198240,218714,57.47,42.73,777583,706040,10.13,-
2405,浩鑫,321955,247451,390120,30.1,-17.47,887522,1170335,-24.16,-
2417,圓剛,195070,169527,178353,15.06,9.37,534902,512198,4.43,-
2424,隴華,1503,9,643,16600.0,133.74,1543,1534,0.58,本月出貨155套主機配件，去年同期出貨35台主機及配件
2425,承啟,590356,257347,735756,129.4,-19.76,1508724,1719022,-12.23,-
2442,新美齊,147681,108661,236457,35.9,-37.54,401274,374871,7.04,-
2465,麗臺,224696,148834,214194,50.97,4.9,621021,541090,14.77,-
3002,歐格,45684,24108,30116,89.49,51.69,118744,124732,-4.8,電源供應產品出貨較去年同期增加
3005,神基,1570560,1224682,1635229,28.24,-3.95,4306914,4234382,1.71,-
3013,晟銘電,297708,180163,239530,65.24,24.28,729862,710862,2.67,-
3017,奇鋐,2292260,1851509,2014337,23.8,13.79,6407103,5887466,8.82,-
3022,威強電,599827,497632,637865,20.53,-5.96,1694704,1688065,0.39,-
3046,建��,86419,111829,144107,-22.72,-40.03,313097,336334,-6.9,-
3057,喬鼎,220644,213212,355081,3.48,-37.86,629599,879629,-28.42,-
3060,銘異,612992,692442,538868,-11.47,13.75,2164044,1764460,22.64,-
3231,緯創,53144233,40338300,56399361,31.74,-5.77,134695604,150626869,-10.57,-
3416,融程電,110191,95460,145724,15.43,-24.38,340472,389934,-12.68,-
3494,誠研,187177,117005,201148,59.97,-6.94,463040,458951,0.89,-
3515,華擎,619103,513346,636294,20.6,-2.7,1836533,1837602,-0.05,"“本年累計營業收入淨額”採年平均匯率計算,“本月營業收入淨額”採該月平均匯率計算,故累計營收淨額與各月營收淨額加總會有差異"
3701,大眾控,1215700,800366,1098628,51.89,10.65,3136546,3101564,1.12,-
3706,神達,3426274,2634930,5116954,30.03,-33.04,9141065,13413852,-31.85,-
4916,事欣科,159044,107818,143889,47.51,10.53,368408,378870,-2.76,-
4938,和碩,89368912,65721503,86929864,35.98,2.8,256520440,274263000,-6.46,無
5258,虹堡,465604,316677,127657,47.02,264.73,1113502,309084,260.25,營收增加
6117,迎廣,189324,126149,160444,50.07,18.0,519601,456791,13.75,-
6128,上福,168893,147382,167983,14.59,0.54,483622,447301,8.12,-
6166,凌華,789723,617450,763404,27.9,3.44,2063601,2184177,-5.52,-
6172,互億,33921,26633,26526,27.36,27.87,91046,73433,23.98,-
6206,飛捷,424583,383471,447417,10.72,-5.1,1343693,1177923,14.07,-
6230,超眾,647327,440590,431567,46.92,49.99,1742133,1312885,32.69,-
6235,華孚,178167,137314,142921,29.75,24.66,505483,408503,23.74,-
6277,宏正,457136,356777,440852,28.12,3.69,1228531,1176812,4.39,-
6414,樺漢,1107193,860981,938064,28.59,18.02,3118041,2386265,30.66,-
6579,研揚,609825,386446,393462,57.8,54.98,1379947,973105,41.8,主係本期接單狀況較去年同期佳
6669,緯穎,2007538,3082100,608893,-34.86,229.7,5901269,2392667,146.63,隨雲端產業蓬勃發展，帶動資料中心建置需求提升，本公司切入大型資料中心客戶，出貨量成長，故營收增加。
8114,振樺電,274567,207034,254609,32.61,7.83,738397,660766,11.74,-
8163,達方,1525781,1080398,1840293,41.22,-17.09,4067832,5184913,-21.54,-
8210,勤誠,489053,243138,400368,101.14,22.15,1174256,1016874,15.47,-
9912,偉聯,59349,65604,60438,-9.53,-1.8,187116,164673,13.62,-
2323,中環,1059801,770837,1212214,37.48,-12.57,2804816,3490453,-19.64,-
2340,光磊,512571,412584,532934,24.23,-3.82,1356210,1381014,-1.79,-
2349,錸德,961583,751317,1059545,27.98,-9.24,2739329,2919850,-6.18,-
2374,佳能,956256,734998,1690056,30.1,-43.41,2774384,4647668,-40.3,-
2393,億光,2443041,2104174,2503236,16.1,-2.4,6956228,7246174,-4.0,-
2406,國碩,1924049,1535965,1200588,25.26,60.25,5553023,3549074,56.46,銀漿出貨量增加
2409,友達,26271518,20569998,34803169,27.71,-24.51,71135232,95301935,-25.35,-
2426,鼎元,271808,192401,350575,41.27,-22.46,721134,860844,-16.22,-
2438,翔耀,37918,27020,51893,40.33,-26.93,115010,135537,-15.14,-
2448,晶電,2232507,1644320,2365227,35.77,-5.61,6057611,6645575,-8.84,-
2466,冠西電,123580,56717,83612,117.88,47.8,271699,248671,9.26,-
2486,一詮,449698,313836,576876,43.29,-22.04,1200042,1605789,-25.26,-
2489,瑞軒,1429970,1382128,1018466,3.46,40.4,3892048,2747140,41.67,-
2491,吉祥全,25408,14759,21649,72.15,17.36,80574,94071,-14.34,-
3008,大立光,3024165,2037852,3924801,48.39,-22.94,8271080,10567179,-21.72,-
3019,亞光,1291380,826044,1465875,56.33,-11.9,3523166,3994374,-11.79,-
3024,憶聲,360760,275060,345560,31.15,4.39,1005780,1148210,-12.4,-
3031,佰鴻,188693,85316,185389,121.16,1.78,469756,507452,-7.42,-
3038,全台,276117,249016,269735,10.88,2.36,888289,897697,-1.04,-
3049,和鑫,25594,200198,376385,-87.21,-93.2,559518,1325626,-57.79,因先前南台灣地震影響出貨，導致本月營收較去年同期營收減少約93.2%。
3050,鈺德,72278,68420,90628,5.63,-20.24,218907,254581,-14.01,-
3051,力特,261297,226658,305169,15.28,-14.37,784554,1006072,-22.01,-
3059,華晶科,950530,653889,913895,45.36,4.0,2424840,2579178,-5.98,-
3149,正達,141306,147597,382407,-4.26,-63.04,611134,1295121,-52.81,主要為客戶需求量降低，導致營收較去年同期減少•
3356,奇偶,163986,164324,195208,-0.2,-15.99,495166,529567,-6.49,-
3383,新世紀,134231,89966,267444,49.2,-49.8,350933,784607,-55.27,"1.傳統晶粒單價大降40~50%,但未新增產能,故YtY 3月營收下滑2.規劃逐月提高覆晶與CSP相關應用營收以降低傳統晶粒銷售的價格衝擊"
3406,玉晶光,436000,322231,650754,35.3,-33.0,1124217,1693560,-33.61,-
3437,榮創,430873,312571,618455,37.84,-30.33,1300398,1754410,-25.87,-
3454,晶睿,416872,303279,355019,37.45,17.42,1067527,901270,18.44,-
3481,群創,18704542,16627131,36902219,12.49,-49.31,56417120,100157867,-43.67,-
3504,揚明光,495515,204219,427284,142.63,15.96,957034,1050661,-8.91,-
3535,晶彩科,31434,8359,139164,276.04,-77.41,232759,309622,-24.82,本公司銷售機台，因105年3月出售機台較少，此為產業特性，尚屬正常。
3543,州巧,378139,265464,368057,42.44,2.73,1027164,951968,7.89,-
3563,牧德,66419,36961,54003,79.7,22.99,146546,140716,4.14,-
3576,聯合再生,2077691,1735096,1656042,19.74,25.46,5905767,4630335,27.54,-
3591,艾笛森,343103,174047,392581,97.13,-12.6,762144,961829,-20.76,-
3622,洋華,181348,82987,328599,118.52,-44.81,434463,854125,-49.13,"除持續受到大陸同業低價搶單,而採謹慎接單外,亦受到終端客戶業績成長趨緩所致。"
3669,圓展,137268,124951,128025,9.85,7.21,379270,358702,5.73,-
3698,隆達,1210971,1001742,1177832,20.88,2.81,3390327,3501902,-3.18,-
4934,太極,719851,685847,441019,4.95,63.22,2128939,1516053,40.42,本月營收較去年同期成長63.22%，係因客戶需求增加，本年度除自製生產外，子公司另購置設備增加產能，以滿足客戶需求。
4942,嘉彰,541584,479525,674402,12.94,-19.69,1522639,1874336,-18.76,-
4956,光鋐,111927,66150,142980,69.2,-21.71,274758,376635,-27.04,-
4960,誠美材,863167,497883,1139372,73.36,-24.24,2347214,3361649,-30.17,-
4976,佳凌,132956,88345,109521,50.49,21.39,327228,271550,20.5,-
5234,達興材料,283180,250851,294200,12.88,-3.74,817649,847394,-3.51,-
5484,慧友,99667,80036,110701,24.52,-9.96,269801,259456,3.98,-
6116,彩晶,1174376,1016121,1865027,15.57,-37.03,3596591,5290064,-32.01,-
6120,達運,2748421,1981198,4072967,38.72,-32.52,7510381,10985899,-31.63,-
6131,鈞泰,19672,12151,27528,61.89,-28.53,41914,79166,-47.05,"安控產品因中國廠商競爭日益激烈,在價格因素上不具備競爭優勢,故營收衰退"
6164,華興,120224,105909,137319,13.51,-12.44,371110,399986,-7.21,-
6168,宏齊,236667,195054,403388,21.33,-41.33,693729,1051550,-34.02,-
6176,瑞儀,3990277,3358461,3109550,18.81,28.32,11875883,9437487,25.83,-
6209,今國光,350815,208399,343719,68.33,2.06,919873,945112,-2.67,-
6225,天瀚,4757,104,11274,4474.03,-57.8,10193,35267,-71.09,因代工廠生產效率不佳，導致產品不斷延期交貨，錯失了黃金銷售時間，目前已協調改善方式，以提高供貨效率。
6226,光鼎,92842,70975,105756,30.8,-12.21,244739,278598,-12.15,-
6278,台表科,2332432,1850568,2604838,26.03,-10.45,6829218,7174700,-4.81,-
6289,華上,14301,9708,10184,47.31,40.42,33024,24314,35.82,-
6405,悅城,58702,59287,116771,-0.98,-49.72,181272,303183,-40.21,-
6443,元晶,799951,689294,514948,16.05,55.34,2183429,1695938,28.74,產能增加及市場需求增加所致
6477,安集,60348,56973,63578,5.92,-5.08,175113,188591,-7.14,-
8105,凌巨,975413,840383,930624,16.06,4.81,2841091,2541743,11.77,-
8215,明基材,1092158,937397,1309057,16.5,-16.56,3181987,3839480,-17.12,-
2314,台揚,716990,638133,468552,12.35,53.02,2025612,1624151,24.71,本公司客戶於本月在衛星通訊產品上的需求增長，導致月增減百分比超過50%。
2321,東訊,376705,316365,340785,19.07,10.54,1002010,969708,3.33,-
2332,友訊,2140359,1872672,2451702,14.29,-12.69,5939068,6716124,-11.57,-
2345,智邦,1985458,1997415,2111303,-0.59,-5.96,5923669,4946431,19.75,-
2412,中華電,18235531,19125864,18059117,-4.65,0.97,56944156,56472807,0.83,-
2419,仲琦,597642,700738,727789,-14.71,-17.88,2065292,1834591,12.57,-
2439,美律,869687,431972,986230,101.32,-11.81,2259796,2704536,-16.44,-
2444,兆勁,129448,99793,137439,29.71,-5.81,357682,362805,-1.41,-
2450,神腦,2654063,2818265,2934122,-5.82,-9.54,8504683,9114262,-6.68,-
2455,全新,253367,188226,193400,34.6,31.0,663268,524804,26.38,-
2485,兆赫,1713741,801706,814679,113.76,110.35,4143579,2298839,80.24,客戶端需求增加
2498,宏達電,4143778,4199863,20023008,-1.33,-79.3,14820982,41524272,-64.3,本月及本年營收均較去年同期減少主要係因出貨量減少所致。
3025,星通,52322,31687,69621,65.12,-24.84,130851,122792,6.56,-
3027,盛達,101051,77806,87574,29.87,15.38,275721,272121,1.32,應交易所106年6月5日臺證上一字第1061802562號辦理
3045,台灣大,9568993,9431313,9671700,1.45,-1.06,29198897,29717570,-1.74,-
3047,訊舟,446610,380501,509068,17.37,-12.26,1210177,1469964,-17.67,-
3062,建漢,1065665,1003416,1607661,6.2,-33.71,3019175,4301940,-29.81,-
3138,耀登,44949,34499,64567,30.29,-30.38,120060,191379,-37.26,-
3311,閎暉,213020,184797,308837,15.27,-31.02,605467,868214,-30.26,-
3380,明泰,2191817,1144607,2269664,91.49,-3.42,5189594,5857024,-11.39,-
3419,譁裕,203499,126057,167630,61.43,21.39,544424,490466,11.0,-
3596,智易,2210905,1620945,1612536,36.39,37.1,5729609,4577077,25.18,-
3682,亞太電,1151267,1049102,1247834,9.73,-7.73,3348953,3776975,-11.33,-
3694,海華,525469,391056,344918,34.37,52.34,1466494,965951,51.81,無線網路模組需求量較去年同期增加
3704,合勤控,2089789,1718629,1712240,21.59,22.05,6004166,4869449,23.3,-
4904,遠傳,7993788,7680520,8154882,4.07,-1.97,23819456,24784498,-3.89,-
4906,正文,1262430,808798,1628305,56.08,-22.46,3084276,4443740,-30.59,-
5388,中磊,3182045,2553733,2356930,24.6,35.0,8815848,6347384,38.88,-
6136,富爾特,80215,59862,46147,33.99,73.82,198038,168233,17.71,因客戶下單時間性差異
6142,友勁,364691,224214,363432,62.65,0.34,875289,1053257,-16.89,-
6152,百一,853460,430309,563763,98.33,51.38,1982010,1558096,27.2,主要係因客戶需求增加
6216,居易,127114,78878,125801,61.15,1.04,302192,265046,14.01,-
6285,啟��,4697871,3828125,3942157,22.71,19.17,13295508,11512103,15.49,-
6416,瑞祺電通,324342,305441,321964,6.18,0.73,1000100,778307,28.49,-
6442,光聖,381621,298515,369420,27.83,3.3,1112459,1051359,5.81,-
8011,台通,129817,86348,163084,50.34,-20.39,320881,403718,-20.51,-
8101,華冠,1075069,1282679,1570355,-16.18,-31.53,3796659,4847685,-21.68,-
1471,首利,128075,58630,170311,118.44,-24.79,285303,521544,-45.29,-
1582,信錦,809257,487150,701177,66.12,15.41,2046983,2159619,-5.21,-
2059,川湖,384725,245811,406114,56.51,-5.26,980434,1102002,-11.03,-
2308,台達電,18038490,12420728,14744924,45.22,22.33,47607216,43202985,10.19,-
2313,華通,3047711,2637472,3054026,15.55,-0.2,9389380,8676845,8.21,-
2316,楠梓電,400706,283364,668121,41.41,-40.02,1112276,1749902,-36.43,-
2327,國巨,2621626,1962502,2510560,33.58,4.42,7312417,6931442,5.49,-
2328,廣宇,1269470,880442,1439017,44.18,-11.78,3353425,3415241,-1.81,-
2355,敬鵬,2226635,1833710,2023997,21.42,10.01,6075386,5492171,10.61,-
2367,燿華,967510,784664,1133872,23.3,-14.67,2835399,3422631,-17.15,-
2368,金像電,1477336,1018718,1561621,45.01,-5.39,3933966,5153853,-23.66,-
2375,凱美,153020,72010,123445,112.49,23.95,356698,341578,4.42,-
2383,台光電,1733810,1361804,1692045,27.31,2.46,4821079,4962596,-2.85,-
2385,群光,6431429,4592953,6438739,40.02,-0.11,16625193,18004850,-7.66,-
2392,正崴,6547833,4544900,6279535,44.06,4.27,18397733,21613833,-14.87,-
2402,毅嘉,518368,346808,593890,49.46,-12.71,1338010,1881394,-28.88,-
2413,環科,415553,249065,325797,66.84,27.54,1084307,1018421,6.46,-
2415,錩新,187726,141251,169462,32.9,10.77,519857,479489,8.41,-
2420,新巨,262251,239573,282555,9.46,-7.18,817731,802283,1.92,-
2421,建準,900372,578481,802295,55.64,12.22,2279644,2276308,0.14,-
2428,興勤,383974,316350,399362,21.37,-3.85,1162693,1103524,5.36,-
2429,銘旺科,102393,54011,60853,89.57,68.26,229908,180975,27.03,合併子公司營收申報
2431,聯昌,311858,235935,401916,32.17,-22.4,824798,1211601,-31.92,-
2440,太空梭,212720,96507,225968,120.41,-5.86,476802,577395,-17.42,-
2456,奇力新,401623,329270,412841,21.97,-2.71,1204228,1164067,3.45,-
2457,飛宏,939175,647761,890716,44.98,5.44,2580129,2465767,4.63,-
2460,建通,299817,160398,315133,86.92,-4.86,761121,855017,-10.98,-
2462,良得電,335429,166583,329814,101.35,1.7,862502,1006175,-14.27,-
2467,志聖,443664,218183,307652,103.34,44.2,903664,636371,42.0,-
2472,立隆電,555523,344241,510516,61.37,8.81,1407227,1443030,-2.48,-
2476,鉅祥,398053,293580,406088,35.58,-1.97,1073501,1100733,-2.47,-
2478,大毅,308431,228741,335233,34.83,-7.99,864648,899626,-3.88,-
2483,百容,140316,91683,134975,53.04,3.95,371860,365585,1.71,-
2484,希華,243955,214533,217200,13.71,12.31,708799,705447,0.47,-
2492,華新科,1511762,1160540,1331679,30.26,13.52,4217769,3687124,14.39,"3月合併營收15.12 億,較2月增30.2%,與去年3月比增 13.5%,累計較去年同期增 14.4%.因部份客戶及電信網通類射頻元件客戶訂單增加."
2493,揚博,215557,200012,193804,7.77,11.22,630125,570863,10.38,-
3003,健和興,229943,178508,256716,28.81,-10.42,676704,702495,-3.67,-
3011,今皓,178145,145807,149855,22.17,18.87,509377,490961,3.75,-
3015,全漢,1273427,1020517,1213024,24.78,4.97,3696553,3395715,8.85,-
3021,鴻名,151725,93083,147143,62.99,3.11,398627,405058,-1.58,-
3023,信邦,1118070,1010416,1053172,10.65,6.16,3366323,3006809,11.95,-
3026,禾伸堂,1172505,721117,1161126,62.59,0.97,2967759,3237371,-8.32,-
3032,偉訓,420460,228152,307183,84.28,36.87,1050762,829873,26.61,-
3037,欣興,5569589,4315423,4820846,29.06,15.53,15328459,13423170,14.19,-
3042,晶技,706944,618350,737473,14.32,-4.13,2108973,2135069,-1.22,-
3044,健鼎,3311684,2954998,3213945,12.07,3.04,9944896,9992899,-0.48,-
3058,立德,490270,314074,464101,56.1,5.63,1271421,1221705,4.06,-
3090,日電貿,687947,494567,705804,39.1,-2.53,1886591,2095805,-9.98,-
3229,晟鈦,52701,44647,61786,18.03,-14.7,141883,169287,-16.18,海外子公司之營收係以當年度平均匯率換算之
3296,勝德,208720,110403,200972,89.05,3.85,534825,526821,1.51,-
3308,聯德,73919,33431,118596,121.1,-37.67,217387,350050,-37.89,-
3321,同泰,207124,139100,314658,48.9,-34.17,595139,914708,-34.93,-
3338,泰碩,248648,146540,211391,69.67,17.62,606197,558941,8.45,-
3376,新日興,646379,426453,651956,51.57,-0.85,1675641,1974863,-15.15,-
3432,台端,47262,31303,69038,50.98,-31.54,119831,224960,-46.73,-
3501,維熹,437220,347464,426294,25.83,2.56,1238687,1220718,1.47,-
3533,嘉澤,664656,440240,594558,50.97,11.78,1864600,1852030,0.67,-
3550,聯穎,333327,146525,350152,127.48,-4.8,761012,848446,-10.3,-
3593,力銘,62112,31666,20529,96.14,202.55,168370,138568,21.5,截至3月份止營收增加之原因，主要係增加新客戶所致。
3605,宏致,434063,278426,293488,55.89,47.89,1165793,833883,39.8,"本公司於104年10月開始新增子公司(龍翰科技股份有限公司),故本月合併營收金額包含龍翰科技股份有限公司之營收金額"
3607,谷崧,556578,265292,869656,109.79,-36.0,1282349,2497466,-48.65,-
3645,達邁,105337,107750,106101,-2.23,-0.72,309491,355943,-13.05,-
3653,健策,287191,238651,299330,20.33,-4.05,806626,827722,-2.54,-
3679,新至陞,353014,226139,286000,56.1,23.43,905093,805871,12.31,-
4545,銘鈺,244980,189097,246058,29.55,-0.43,669413,818587,-18.22,-
4915,致伸,5676611,3023738,4740645,87.73,19.74,14012560,12957889,8.13,-
4999,鑫禾,149721,116153,163066,28.89,-8.18,418822,499081,-16.08,-
5469,瀚宇博,3067563,2519717,3223797,21.74,-4.84,9052206,9940819,-8.93,-
6108,競國,714170,596019,650033,19.82,9.86,2009341,1838416,9.29,-
6115,鎰勝,570021,418230,568440,36.29,0.27,1596438,1632395,-2.2,-
6133,金橋,99092,52208,107761,89.8,-8.04,251980,287908,-12.47,-
6141,柏承,274835,182691,216390,50.43,27.0,690505,605205,14.09,資料係自行結算數
6153,嘉聯益,1115645,771379,1155011,44.62,-3.4,3132419,3576099,-12.4,-
6155,鈞寶,56470,33906,61157,66.54,-7.66,144779,154173,-6.09,-
6165,捷泰,12960,6343,22448,104.31,-42.26,32729,69696,-53.04,本公司因處分轉投資公司，合併個體減少，故本期營業收入較去年同期減少。
6191,精成科,1730199,1571806,1732825,10.07,-0.15,5421149,5811174,-6.71,-
6197,佳必琪,438758,205445,394276,113.56,11.28,1017009,1248825,-18.56,-
6205,詮欣,189239,113011,186350,67.45,1.55,488854,581135,-15.87,-
6213,聯茂,1655576,1282586,1500046,29.08,10.36,4649288,4549100,2.2,-
6224,聚鼎,130375,98781,149376,31.98,-12.72,371569,381934,-2.71,-
6251,定穎,890447,827339,799284,7.62,11.4,2759643,2520725,9.47,子公司105年3月份人民幣營業收入以105年3月份之平均匯率人民幣1:5.0979計算。
6269,台郡,1226016,883703,1331068,38.73,-7.89,3751181,4030756,-6.93,-
6282,康舒,1770281,1227396,1799500,44.23,-1.62,4753352,5217142,-8.88,-
6412,群電,1885515,1708737,2227448,10.34,-15.35,5361718,6057730,-11.48,-
6449,鈺邦,117393,81716,80429,43.65,45.95,340911,331777,2.75,-
8039,台虹,790447,552053,624374,43.18,26.59,2283325,1904788,19.87,自結數尚未經會計師簽證 ，特此說明。
8046,南電,2689952,2184485,2976590,23.13,-9.62,7659702,8035658,-4.67,-
8103,瀚荃,236021,132510,217883,78.11,8.32,599722,643418,-6.79,-
8213,志超,1829056,1431129,1941374,27.8,-5.78,5079080,5703960,-10.95,-
8249,菱光,271266,208725,468433,29.96,-42.09,860508,1271678,-32.33,-
2347,聯強,28885451,20200628,27934403,42.99,3.4,78264723,70236826,11.42,-
2414,精技,1272034,980918,1312884,29.67,-3.11,3659981,3511795,4.21,-
2430,燦坤,1569431,2243741,1671661,-30.05,-6.11,6295194,6043613,4.16,-
2459,敦吉,966596,621412,796559,55.54,21.34,2514685,2368717,6.16,-
3010,華立,3023101,2367313,3197971,27.7,-5.46,8902785,9027372,-1.38,-
3028,增你強,1978978,1257388,1921557,57.38,2.98,5231723,5392459,-2.98,-
3033,威健,3690600,2287250,3581537,61.35,3.04,9435737,8988636,4.97,-
3036,文曄,9899840,7045231,10165156,40.51,-2.61,27229050,28537762,-4.58,-
3048,益登,4645657,3632290,5663488,27.89,-17.97,13661935,17004458,-19.65,上述已依IFRS申報合併營收
3055,蔚華科,370325,203897,300288,81.62,23.32,883197,651864,35.48,-
3209,全科,2626157,1933659,1983029,35.81,32.43,6662995,5660889,17.7,-
3312,弘憶股,821077,649565,1828840,26.4,-55.1,2322949,4371293,-46.85,子公司弘威電子終止代理東芝電子亞洲有限公司及東芝電子(中國)有限公司產品
3528,安馳,258593,189167,289501,36.7,-10.67,757101,799028,-5.24,-
3702,大聯大,44760655,30819787,40322409,45.23,11.0,121528477,108014005,12.51,-
5434,崇越,1812180,1643250,1687241,10.28,7.4,5504345,4926880,11.72,-
6189,豐藝,1500167,983706,1522679,52.5,-1.47,4063387,4246062,-4.3,-
6281,全國電,1189204,1765901,1118616,-32.65,6.31,4778539,3990543,19.74,-
8070,長華*,1182817,849744,1408330,39.19,-16.01,3165690,4092555,-22.64,-
8072,陞泰,134193,93633,161888,43.31,-17.1,347093,452638,-23.31,-
8112,至上,6643283,5661060,5229088,17.35,27.04,20436506,13984962,46.13,-
2427,三商電,289585,122400,84489,136.58,242.74,544436,456491,19.26,本月增減百分比達242.75%，主係大型專案驗收所致
2453,凌群,339775,202669,279614,67.65,21.51,812409,753583,7.8,-
2468,華經,138127,80156,126682,72.32,9.03,311562,318856,-2.28,-
2471,資通,85365,37157,52896,129.74,61.38,188062,134272,40.06,本月自有人力服務投入情形及專案驗收情形較去年同期增加
2480,敦陽科,410927,246142,414926,66.94,-0.96,976177,1061848,-8.06,-
3029,零壹,541094,292211,509304,85.17,6.24,1298414,1241700,4.56,-
3130,一零四,142112,97408,227242,45.89,-37.46,344189,607047,-43.3,"因公司發展策略轉型,於今年1月出售從事人力派遣業務之子公司之所有持股,致合併營收較去年減少"
4994,傳奇,81705,106235,85753,-23.09,-4.72,265157,290972,-8.87,-
5203,訊連,188781,156663,209812,20.5,-10.02,507078,485208,4.5,-
6112,聚碩,743982,702427,741976,5.91,0.27,2152505,2105628,2.22,-
6183,關貿,93105,86037,88197,8.21,5.56,294055,297827,-1.26,-
6214,精誠,1584206,893135,1581928,77.37,0.14,3723643,3787066,-1.67,-
2312,金寶,9051450,8764891,3638123,3.26,148.79,27875337,12301160,126.6,相較於去年同期，差異主係今年度起合併個體新增泰金寶科技(股)公司及其子公司
2317,鴻海,339621426,280647668,338297389,21.01,0.39,957874271,1014324406,-5.56,-
2354,鴻準,6475008,4555762,7819919,42.12,-17.19,17587082,24963102,-29.54,-
2359,所羅門,277508,243462,343766,13.98,-19.27,914271,1242510,-26.41,-
2360,致茂,1363702,600991,735229,126.9,85.47,2610119,1923763,35.67,母公司營收大幅成長
2373,震旦行,1221893,963938,1165479,26.76,4.84,3360544,2930053,14.69,-
2390,云辰,76155,82333,73444,-7.5,3.69,232421,215568,7.81,-
2404,漢唐,1329081,1259633,603803,5.51,120.11,4045268,2527512,60.04,"本月營收較去年同期增加50%以上,係因本月正在投入進行的專案較去年同期增加所致"
2423,固緯,212635,138172,189473,53.89,12.22,498782,462827,7.76,-
2433,互盛電,273612,257398,223932,6.29,22.18,805986,664278,21.33,-
2461,光群雷,413290,320886,330451,28.79,25.06,1157018,940361,23.03,"本公司105年度合併營業額係包含新增子公司湖南永安鐳射科技有限公司，其105年3月營業額約為新台幣65,819仟元。"
2464,盟立,706705,676425,582310,4.47,21.36,2237850,1766110,26.71,-
2474,可成,6442754,4167468,6932408,54.59,-7.06,16843396,17400119,-3.19,-
2477,美隆電,254070,120012,224927,111.7,12.95,742426,831945,-10.76,-
2482,連宇,97059,49101,110958,97.67,-12.52,208037,206368,0.8,-
2488,漢平,244064,173889,153716,40.35,58.77,666695,487423,36.77,本月營收較去年同期增加主要係因訂單量增加所致。
2495,普安,141636,108418,129571,30.63,9.31,391894,392526,-0.16,-
3018,同開,132509,88785,83166,49.24,59.33,368397,280096,31.52,本公司係以完工比例法認列收入，差異原因為105年投入在攬工程較去年同月份增加所致。
3030,德律,312615,175989,545963,77.63,-42.74,719859,1152139,-37.51,-
3043,科風,105483,54520,92435,93.47,14.11,271281,321297,-15.56,-
3305,昇貿,337142,310876,403798,8.44,-16.5,1031751,1295981,-20.38,-
3450,聯鈞,725863,625746,576250,15.99,25.96,2046490,1568018,30.51,-
3518,柏騰,71310,46303,116098,54.0,-38.57,204262,314412,-35.03,-
3617,碩天,555562,414794,490094,33.93,13.35,1439610,1212841,18.69,-
6139,亞翔,2590584,3401774,828985,-23.84,212.5,8996948,2641438,240.6,公司採完工比例法認列收入，本月營業收入大幅波動，主係蘇州子公司近期承接之大型設備及工程專案，陸續有重要設備投入專案所致。
6192,巨路,454542,300629,502549,51.19,-9.55,1180464,1260825,-6.37,-
6196,帆宣,1540649,1021730,1552338,50.78,-0.75,4242246,3695656,14.79,-
6201,亞弘電,304118,160274,256804,89.74,18.42,777724,794450,-2.1,-
6215,和椿,162010,121616,175434,33.21,-7.65,419913,435758,-3.63,-
6283,淳安,80909,45702,68518,77.03,18.08,212411,239395,-11.27,-
6409,旭隼,779411,519140,726626,50.13,7.26,2017863,1921633,5.0,"因2月農曆年假期,工作日較少,本月無長假影響。"
6558,興能高,97207,47082,68595,106.46,41.71,223242,177311,25.9,-
8021,尖點,236832,220332,263855,7.48,-10.24,720916,797056,-9.55,-
8201,無敵,38042,35892,59228,5.99,-35.77,100623,382521,-73.69,係電子產業競爭激烈及新導入之產品線營收尚不如預期所致
2616,山隆,1245337,907281,1388040,37.26,-10.28,3304104,3843682,-14.03,-
6505,台塑化,42589650,39826235,54468687,6.93,-21.8,124471678,155034556,-19.71,-
8926,台汽電,109085,68655,99122,58.88,10.05,298520,301034,-0.83,-
9908,大台北,349728,331377,415668,5.53,-15.86,1045056,1247763,-16.24,本公司營收較去年同期減少16.25%係因中油氣源價格調降導致本公司收入及成本下降，並不影響本公司獲利。
9918,欣天然,212448,190647,261784,11.43,-18.84,599753,791689,-24.24,-
9926,新海,209926,189564,237958,10.74,-11.78,610488,711120,-14.15,-
9931,欣高,92050,128660,115206,-28.45,-20.09,328137,395580,-17.04,-
9937,全國,1463580,1202406,1793848,21.72,-18.41,4061361,5030057,-19.25,-
1316,上曜,51210,30066,107397,70.32,-52.31,124586,218222,-42.9,子公司減少軍用品銷售所致
1436,華友聯,11485,49647,20363,-76.86,-43.59,75959,49439,53.64,營收較去年增加之原因，係今年銷售戶數較去年增加
1438,三地開發,43,1,11699,4200.0,-99.63,49,23390,-99.79,"105年1-3月無銷售店舖，104年1-3月銷售店鋪二戶共23,371仟元，其餘皆為商品銷售，故營業收入變化大。"
1442,名軒,79777,31719,46045,151.51,73.25,191136,195506,-2.23,本月認收名軒天麗、麗寶双璽、法樂琦共7戶，去年同期認收麗寶双璽6戶(本公司只佔4成)，故兩期差異大。
1805,寶徠,-247,266,9270,-192.85,-102.66,3175,40858,-92.22,差異原因主要係本公司於104年下半年度處分土地及廠房建物，致105年磁磚收入較上期減少及本期磁磚收入銷貨折讓所致。
1808,潤隆,-12213,21505,198337,-156.79,-106.15,39010,730299,-94.65,本月營收相較去年同期當月或累計減少達50%以上，主要係本公司營建事業過戶交屋戶數較去年同期減少及本期環科收入銷貨退回所致。
2501,國建,1417592,351767,1428819,302.99,-0.78,2161069,3910819,-44.74,-
2504,國產,2382837,2092824,2217948,13.85,7.43,6916617,7234788,-4.39,-
2505,國揚,68635,789,63002,8598.98,8.94,69868,63889,9.35,"本月營收係『國硯』68,207及租金收入428 ，去年03月營收係『國硯』62,619及租金收入383。"
2506,太設,117848,117264,181041,0.49,-34.9,350358,747057,-53.1,"因本期無建案完工交屋,致本期營收較去年同期低"
2509,全坤建,103974,56869,7057,82.83,1373.34,189109,11414,1556.81,"本月營收及本年累計營收較去年同期增加,主要係認列雲峰案銷售及子公司尊峰世紀館.尊峰微風館完工認列及租金收入所致."
2511,太子,727325,610463,1370436,19.14,-46.92,1808178,2726461,-33.68,-
2515,中工,912978,679358,931188,34.38,-1.95,2660811,5233852,-49.16,-
2516,新建,427015,192400,956778,121.94,-55.36,1069420,2768701,-61.37,幸福站工地已趨完工，故營收大幅減少約6.7億元。
2520,冠德,1223121,552519,425480,121.37,187.46,2350598,1822278,28.99,本(105)年3月營業收入較去年同期增加187.47%，主係本公司之100A建案交屋入帳及子公司認列外部客戶營造收入大幅增加所致。
2524,京城,169814,121589,142446,39.66,19.21,380265,374390,1.56,-
2527,宏璟,296939,11179,56829,2556.22,422.51,325242,84245,286.06,本月子公司營收較上月及去年同期增加
2528,皇普,22,22,33205,0.0,-99.93,66,50387,-99.86,本月僅認列租賃收入
2530,華建,87116,190241,689,-54.2,12543.83,2256630,1994,113071.01,"本年度出售房地收入較去年度增加2,254,553仟元,本年度租金收入較去年度同期增加83仟元."
2534,宏盛,10138,2918,3100,247.42,227.03,204181,195016,4.69,"無異常,本月因有個案銷售認列收入,以及租賃收入"
2535,達欣工,1143608,747960,1019290,52.89,12.19,3021009,2485591,21.54,-
2536,宏普,307963,367488,397609,-16.19,-22.54,3484839,2463025,41.48,"無異常,本月因有個案交屋認列收入,以及租賃收入"
2537,聯上發,337483,167911,10534,100.98,3103.74,804960,142236,465.93,"本月營收較去年同月營收增幅百分比達3,103.75％，係本公司聯上世界案104年12月開始交屋，本公司持續認列營業收入所致。"
2538,基泰,97638,138930,639379,-29.72,-84.72,335099,2215207,-84.87,本月差異係為去年個案交屋較今年增加
2539,櫻花建,26980,22834,32630,18.15,-17.31,471083,101074,366.07,無異常。本月有「櫻花晶綻」、「櫻花見森」建案陸續過戶中。
2540,愛山林,35118,31163,87437,12.69,-59.83,107951,207876,-48.06,係因受整體環境影響，不動產代銷個案銷售不如去年，致使營收下降。
2542,興富發,3670106,4587363,1161468,-19.99,215.98,9130633,9413009,-2.99,本期較去年同期增加，主要差異係因本期「開元二」、「金泰九」建案認列收入所致。
2543,皇昌,436462,353718,547989,23.39,-20.35,1212269,1432466,-15.37,-
2545,皇翔,2573113,21480,156583,11879.11,1543.29,2612625,521734,400.75,主要差異係本期完工個案「皇翔歡喜城」，完成產權移轉予客戶認列收入所致
2546,根基,1001780,445863,504996,124.68,98.37,1913206,1164338,64.31,第一季與單月營收差異主係因 041A 案件營收成長、新增 031A、031G，以及001G 於3月份結案所致
2547,日勝生,274815,200746,319135,36.89,-13.88,711118,925106,-23.13,-
2548,華固,134098,3025,1389576,4332.99,-90.34,252661,2585116,-90.22,本公司截至3月底累計營收較去年同期減少，係因餘屋銷售及新完工交屋數較低所致。
2597,潤弘,660976,505964,985127,30.63,-32.9,1879845,2912541,-35.45,-
2841,台開,17724,22190,23856,-20.12,-25.7,67940,84312,-19.41,-
3052,夆典,124467,83957,166114,48.25,-25.07,436324,513853,-15.08,-
3056,總太,15990,0,21575,,-25.88,17490,579876,-96.98,本年累計營收較去年減少，係為本公司過戶交屋數較去年同期減少所致。
3266,昇陽,108189,107649,51542,0.5,109.9,391503,150489,160.15,合併營收主要來源為子公司建案及營造工程等收入，因營建收入受政策、採行全部完工法及建案規模不同等因素影響，故營收波動較大。
3703,欣陸,2047679,1669862,1544635,22.62,32.56,5305668,8027703,-33.9,-
5515,建國,478794,234055,296902,104.56,61.26,1221705,1109786,10.08,本月廠辦工程投入百分比提昇，導致本月整體營收較去年同期增加。
5519,隆大,67782,55413,203088,22.32,-66.62,183469,604040,-69.62,主係去年同期自建案J15.J24.J25認列房地銷售收入較多及新接承攬工案於本期尚未大量投入興建故認列之收入較少所致
5521,工信,305252,277463,833265,10.01,-63.36,894657,1732588,-48.36,無
5522,遠雄,1150058,344979,2821650,233.37,-59.24,2547816,6590083,-61.33,累計至105年3月止因無重大個案完工入帳，僅部分在售個案持續銷售交屋入帳，致本期營收較去年同期減少。
5525,順天,71114,26021,737168,173.29,-90.35,155983,1165737,-86.61,本月主要營收為御南苑餘屋收入
5531,鄉林,302729,1129731,101498,-73.2,198.26,2037784,327938,521.39,建設業之銷售進度及狀況深受景氣榮枯及市場現狀影響，且建築個案之完工時間並非固定時點，故月營收的表現上會有較大之波動。
5533,皇鼎,139992,280212,352361,-50.04,-60.27,610247,1378241,-55.72,本月及累計營收較去年同期減少達50%以上，係兩期個案營收組成因子不同。
5534,長虹,182814,49882,61683,266.49,196.37,2890551,336440,759.15,.
6177,達麗,967161,55155,754150,1653.53,28.24,1113566,1327785,-16.13,-
9906,欣巴巴,37553,33087,132363,13.49,-71.62,70650,320509,-77.95,本年營收較去年同期減少係新完工建案於去年當月過戶所至。本月及累積營收雖與去年同期比尚為不足，但持續成長中。
9946,三發地產,220291,179521,51050,22.71,331.52,722955,137668,425.14,本月營收較去年同期增加1.69241億元(增加331.52%)
2208,台船,1458045,1277750,2027977,14.11,-28.1,4550410,5803320,-21.58,-
2603,長榮,8713744,9749684,12140769,-10.62,-28.22,28569507,35287105,-19.03,-
2605,新興,384061,360852,411706,6.43,-6.71,1184500,1231182,-3.79,-
2606,裕民,459000,460155,637147,-0.25,-27.96,1464863,1897968,-22.81,-
2607,榮運,622749,539256,637778,15.48,-2.35,1782364,1765985,0.92,-
2608,嘉里大榮,834308,575526,709170,44.96,17.64,2277398,2021865,12.63,-
2609,陽明,8609057,8832008,10980447,-2.52,-21.59,27119289,33154718,-18.2,-
2610,華航,11557051,11876002,12697303,-2.68,-8.98,34991487,37161550,-5.83,-
2611,志信,108520,92807,112495,16.93,-3.53,309705,367001,-15.61,-
2612,中航,279536,245077,295758,14.06,-5.48,809382,840199,-3.66,-
2613,中櫃,214434,161690,201299,32.62,6.52,601062,595487,0.93,-
2615,萬海,4771299,4237568,5536702,12.59,-13.82,14069688,17160678,-18.01,-
2617,台航,178452,162880,224147,9.56,-20.38,566585,667287,-15.09,-
2618,長榮航,11768765,11101503,11756213,6.01,0.1,34906089,33374491,4.58,-
2630,亞航,368975,112098,171306,229.15,115.38,651944,439710,48.26,-
2633,台灣高鐵,3183153,3461579,3296472,-8.04,-3.43,9983118,9928542,0.54,-
2634,漢翔,2019560,1968918,1975329,2.57,2.23,6329017,5839917,8.37,-
2636,台驊投控,766892,578152,781996,32.64,-1.93,2221583,2480692,-10.44,-
2642,宅配通,195453,222110,192353,-12.0,1.61,672360,667300,0.75,-
5607,遠雄港,112693,79436,108872,41.86,3.5,302572,302023,0.18,-
5608,四維航,315556,283981,432464,11.11,-27.03,920504,1176793,-21.77,-
8367,建新國際,135057,131015,145338,3.08,-7.07,372005,383008,-2.87,-
2701,萬企,28961,36671,27689,-21.02,4.59,95233,95335,-0.1,本月營業收入增加係育樂收入之影院收入增加
2702,華園,119927,109087,67813,9.93,76.84,329136,169844,93.78,新增二家子公司
2704,國賓,307255,318014,307846,-3.38,-0.19,965640,930937,3.72,-
2705,六福,247214,263503,236744,-6.18,4.42,766905,735204,4.31,-
2706,第一店,30079,28117,31943,6.97,-5.83,86699,93032,-6.8,-
2707,晶華,544117,560773,559942,-2.97,-2.82,1720934,1728958,-0.46,-
2712,遠雄來,29046,50976,33197,-43.02,-12.5,114168,122772,-7.0,-
2722,夏都,44832,62619,46290,-28.4,-3.14,144977,134256,7.98,-
2727,王品,1212836,1564613,1353381,-22.48,-10.38,4197695,4339297,-3.26,-
2731,雄獅,1388839,1967238,1431745,-29.4,-2.99,4584766,4295936,6.72,-
2739,寒舍,367306,346232,412068,6.08,-10.86,1141510,1184505,-3.62,-
2748,雲品,104942,113468,92434,-7.51,13.53,357208,333721,7.03,-
5706,鳳凰,102011,330945,173365,-69.17,-41.15,538896,589800,-8.63,-
8462,柏文,122383,108372,91929,12.92,33.12,338988,259992,30.38,-
8940,新天地,112301,117988,130681,-4.81,-14.06,504587,525617,-4.0,-
9943,好樂迪,204647,288774,246436,-29.13,-16.95,766765,880080,-12.87,-
2801,彰銀,2413260,2322997,2453184,3.88,-1.62,7646645,6794143,12.54,-
2809,京城銀,719901,577453,645316,24.66,11.55,1873508,1795269,4.35,-
2812,台中銀,861625,758812,842847,13.54,2.22,2404326,2485952,-3.28,-
2816,旺旺保,512342,451103,533998,13.57,-4.05,1506645,1496943,0.64,-
2820,華票,248406,196268,191522,26.56,29.7,651062,522346,24.64,-
2823,中壽,21469690,14074320,16382677,52.54,31.05,49195489,42001474,17.12,-
2832,台產,371753,411436,422214,-9.64,-11.95,1113665,1139098,-2.23,-
2834,臺企銀,1713760,1547073,1657122,10.77,3.41,5758998,4825357,19.34,-
2836,高雄銀,281741,274750,275071,2.54,2.42,844072,841776,0.27,-
2838,聯邦銀,854844,748991,899509,14.13,-4.96,2668623,2676908,-0.3,-
2845,遠東銀,797213,725784,966428,9.84,-17.5,2534085,2691226,-5.83,-
2849,安泰銀,625674,463157,679336,35.08,-7.89,1737811,1852910,-6.21,-
2850,新產,980634,903791,1014507,8.5,-3.33,2952732,2700434,9.34,-
2851,中再保,1088326,1164172,1270171,-6.51,-14.31,3272140,3826909,-14.49,-
2852,第一保,521985,461364,435394,13.13,19.88,1275765,1229559,3.75,-
2855,統一證,559000,233748,294276,139.14,89.95,1221002,1131232,7.93,本月營收增加，主要為本月份交易部位操作獲利所致。
2867,三商壽,20046851,12631310,17196911,58.7,16.57,48446080,48679230,-0.47,-
2880,華南金,3219694,3061498,3568945,5.16,-9.78,10262084,10009358,2.52,-
2881,富邦金,33191462,29538472,17730511,12.36,87.19,108834286,87933624,23.76,本月營業收入淨額較去年同期增加，係因保險業務收益增加所致。
2882,國泰金,54715023,24551832,48580642,122.85,12.62,120675331,104164053,15.85,-
2883,開發金,3380739,1476499,3231607,128.96,4.61,6504408,8060722,-19.3,-
2884,玉山金,3320156,2682458,3080089,23.77,7.79,9559365,9250353,3.34,-
2885,元大金,5965937,3976725,5425116,50.02,9.96,16624983,14246275,16.69,-
2886,兆豐金,5853486,4528211,5035716,29.26,16.23,15993620,15137736,5.65,-
2887,台新金,3100259,2682429,3628680,15.57,-14.56,9417673,9955779,-5.4,-
2888,新光金,19335949,14292067,22173364,35.29,-12.79,47428256,54578751,-13.1,-
2889,國票金,526925,476274,505161,10.63,4.3,1514028,1272158,19.01,-
2890,永豐金,2956951,2327313,3032383,27.05,-2.48,7970591,8303016,-4.0,-
2891,中信金,27304338,22764917,17503743,19.94,55.99,75562557,54210942,39.38,本月營業收入淨額較去年同期增加，係因保險業務收益增加所致。
2892,第一金,4082080,3218855,3343989,26.81,22.07,11052367,9160050,20.65,本公司3月份營業收入淨額較去年同期增加，主要係去年保險子公司六年期養老險滿期給付所致，另亦同時收回前已提列之責任準備金。
2897,王道銀行,775990,705832,735083,9.93,5.56,2148037,2040675,5.26,-
5876,上海商銀,2502522,2239842,2663436,11.72,-6.04,7562116,7528781,0.44,-
5880,合庫金,3494569,3268570,3021292,6.91,15.66,11083881,9518655,16.44,-
6005,群益證,597286,443935,683755,34.54,-12.64,1395251,1650493,-15.46,-
6024,群益期,177374,144125,105316,23.06,68.42,563662,203747,176.64,本月及年度累計之經紀手續費收入、自營從事衍生工具利益以及香港子公司期貨佣金收入皆較去年同期增加。
1432,大魯閣,40205,48283,25662,-16.73,56.67,133907,60929,119.77,104/7月起增加百貨業事業體
2601,益航,632703,709834,784449,-10.86,-19.34,2168488,2448660,-11.44,-
2614,東森,971883,782306,941784,24.23,3.19,2762846,2948274,-6.28,合併營收較同期減少:主要係航運事業部船舶艘數營運數量減少所致。
2901,欣欣,9339,11846,10832,-21.16,-13.78,32512,33432,-2.75,-
2903,遠百,3240982,3768898,3441090,-14.0,-5.81,10874476,11025307,-1.36,-
2905,三商,25596334,13995418,19671415,82.89,30.11,60429094,57008241,6.0,-
2906,高林,433443,401365,443509,7.99,-2.26,1377440,1487946,-7.42,-
2908,特力,3030183,2944463,3122291,2.91,-2.95,9641635,9655827,-0.14,-
2910,統領,40502,48954,40631,-17.26,-0.31,144942,142298,1.85,-
2911,麗嬰房,691316,703650,835548,-1.75,-17.26,2333226,2557817,-8.78,-
2912,統一超,17300970,16827871,16170017,2.81,6.99,51510167,48248674,6.75,-
2913,農林,60762,51912,97955,17.04,-37.96,175070,295076,-40.66,104/6開始減少1間子公司營收合併
2915,潤泰全,1527007,530552,1604533,187.81,-4.83,2675345,2704131,-1.06,-
8443,阿瘦,137083,190399,173943,-28.0,-21.19,506988,581542,-12.82,-
8454,富邦媒,2233793,2085268,2031309,7.12,9.96,7006276,6259652,11.92,-
1416,廣豐,1413184,587688,91753,140.46,1440.2,2021403,869626,132.44,"子公司寶豐預售建案完工交屋,本月1,398,169仟元、累計1-3月1,970,202仟元;去年3月74,525仟元、去年累計1-3月820,645仟元."
1435,中福,1850,1757,2408,5.29,-23.17,5525,7118,-22.37,-
1437,勤益控,44819,42876,78003,4.53,-42.54,166485,252097,-33.95,-
1516,川飛,45564,60594,23316,-24.8,95.41,164343,52668,212.03,主係積極擴展業務範圍所致
2062,橋椿,562266,410357,544447,37.01,3.27,1644102,1541058,6.68,-
2348,海悅,32390,45454,54816,-28.74,-40.91,94928,210245,-54.84,係因受整體環境影響，不動產代銷個案銷售不佳，致使營收下降。
2358,廷鑫,128089,59999,143471,113.48,-10.72,258184,357531,-27.78,-
2443,億麗,43915,35870,23899,22.42,83.75,128035,63255,102.41,因大宗物資貿易業務訂單增加致營業收入產生差異。
2496,卓越,14459,20382,10566,-29.05,36.84,62202,29513,110.76,光通訊市場高速成長、網路電信基礎建設升級、有線電視業者大量鋪設光纖光纜，且中國二、三線城市投入高速網路建設光纖需求量增。
2514,龍邦,11175,9683,7603749,15.4,-99.85,28696,19396364,-99.85,兩期營收差異較大，係因原子公司台壽保於104/10/15(換股基準日)併入中信金，當日起不再為子公司所致。
2904,匯僑,41149,40977,45194,0.41,-8.95,140939,136360,3.35,-
3040,遠見,21839,18818,20549,16.05,6.27,57643,57482,0.28,-
3557,嘉威,39905,35055,59289,13.83,-32.69,118336,220600,-46.35,-
4536,拓凱,447861,235180,478681,90.43,-6.43,1180922,1409488,-16.21,-
6184,大豐電,145313,142012,138296,2.32,5.07,423816,409484,3.5,-
6464,台數科,245144,248855,251933,-1.49,-2.69,752720,761332,-1.13,-
6504,南六,575542,381967,564364,50.67,1.98,1436784,1489941,-3.56,-
8033,雷虎,63612,77403,78677,-17.81,-19.14,212729,234653,-9.34,-
8341,日友,153719,166620,170482,-7.74,-9.83,455419,369319,23.31,-
8422,可寧衛,303508,248247,221098,22.26,37.27,811916,550411,47.51,-
8463,潤泰材,261526,163040,307914,60.4,-15.06,706304,889399,-20.58,-
8464,億豐,1602841,1198352,1323787,33.75,21.07,4140703,3488018,18.71,-
8473,山林水,189279,167802,122554,12.79,54.44,531396,376636,41.09,係105年承攬工程增加
8478,東哥遊艇,276115,28995,248739,852.28,11.0,328250,258776,26.84,-
8481,政伸,91319,59573,109587,53.28,-16.66,259578,310610,-16.42,-
9902,台火,7133,2120,6453,236.46,10.53,17233,27869,-38.16,-
9904,寶成,22690519,19128614,21060222,18.62,7.74,67443981,62274101,8.3,-
9905,大華,534029,439637,631063,21.47,-15.37,1619408,1894549,-14.52,-
9907,統一實,2875734,1873671,3437975,53.48,-16.35,8335964,10462770,-20.32,-
9910,豐泰,4878002,4271313,4163537,14.2,17.16,14209467,12337525,15.17,合併營業收入係為本公司自結數
9911,櫻花,461441,405610,359389,13.76,28.39,1475434,1255588,17.5,-
9914,美利達,2053296,1647463,2422916,24.63,-15.25,5455553,6194257,-11.92,-
9917,中保科,1093949,1002545,1045346,9.11,4.64,3209550,3290570,-2.46,-
9919,康那香,393539,291284,397182,35.1,-0.91,1067584,1048097,1.85,-
9921,巨大,5549056,4155397,5746336,33.53,-3.43,14275503,14455909,-1.24,-
9924,福興,656468,542680,706802,20.96,-7.12,1977568,1921889,2.89,-
9925,新保,599977,581177,595057,3.23,0.82,1781358,1711709,4.06,-
9927,泰銘,718115,523093,908170,37.28,-20.92,1995736,2672795,-25.33,-
9928,中視,50469,55890,43051,-9.69,17.23,189529,156426,21.16,-
9929,秋雨,57796,66307,92203,-12.83,-37.31,229637,276133,-16.83,-
9930,中聯資源,603397,517224,756164,16.66,-20.2,1719882,1927826,-10.78,-
9933,中鼎,5473943,3988846,4827265,37.23,13.39,13625807,13378271,1.85,-
9934,成霖,1648882,1353817,1687639,21.79,-2.29,4834829,4612646,4.81,-
9935,慶豐富,323322,192573,228043,67.89,41.78,799432,792151,0.91,-
9938,百和,1160310,587365,959162,97.54,20.97,2493167,2145980,16.17,-
9939,宏全,1642378,964992,1713084,70.19,-4.12,3881425,4153767,-6.55,-
9940,信義,694691,340552,822860,103.98,-15.57,1547692,1807012,-14.35,-
9941,裕融,1469488,1357752,1441258,8.22,1.95,4285407,4151498,3.22,-
9942,茂順,265890,180908,284197,46.97,-6.44,699584,698452,0.16,-
9944,新麗,360862,262379,381783,37.53,-5.47,943755,971541,-2.85,-
9945,潤泰新,852636,1236922,772217,-31.06,10.41,3034256,2167175,40.0,-
9955,佳龍,340161,139346,325762,144.11,4.42,590250,759187,-22.25,-
